Workbook

Sheet Hoja1
A1: Selección | B1: Grupo | C1: Posicion_FIFA | D1: Repechaje | E1: Valor | F1: Lugar_Grupo | G1: Escogido | H1: Tipo_Ventaja | I1: ClaveUnica
A2: Nueva Caledonia | B2: K | C2: =_xlfn.XLOOKUP(A:A,Hoja2!B:B,Hoja2!A:A,0,0) -> 149 | D2: S | E2: 0 | F2: 3 | G2: N | H2: N | I2: 191
A3: Congo | B3: K | C3: =_xlfn.XLOOKUP(A:A,Hoja2!B:B,Hoja2!A:A,0,0) -> 134 | D3: S | E3: =_xlfn.XLOOKUP(A:A,Hoja2!B:B,Hoja2!E:E,0,0) -> 2,05mill.€ | F3: 1 | G3: N | H3: N | I3: 193
A4: Surinam | B4: I | C4: =_xlfn.XLOOKUP(A:A,Hoja2!B:B,Hoja2!A:A,0,0) -> 123 | D4: S | E4: =_xlfn.XLOOKUP(A:A,Hoja2!B:B,Hoja2!E:E,0,0) -> 27,63mill.€ | F4: 3 | G4: N | H4: N | I4: 197
A5: Kosovo | B5: D | C5: =_xlfn.XLOOKUP(A:A,Hoja2!B:B,Hoja2!A:A,0,0) -> 80 | D5: S | E5: =_xlfn.XLOOKUP(A:A,Hoja2!B:B,Hoja2!E:E,0,0) -> 131,38mill.€ | F5: 3 | G5: N | H5: N | I5: 199
A6: Bolivia | B6: I | C6: =_xlfn.XLOOKUP(A:A,Hoja2!B:B,Hoja2!A:A,0,0) -> 76 | D6: S | E6: =_xlfn.XLOOKUP(A:A,Hoja2!B:B,Hoja2!E:E,0,0) -> 14,98mill.€ | F6: 1 | G6: N | H6: N | I6: 211
A7: Jamaica | B7: K | C7: =_xlfn.XLOOKUP(A:A,Hoja2!B:B,Hoja2!A:A,0,0) -> 70 | D7: S | E7: =_xlfn.XLOOKUP(A:A,Hoja2!B:B,Hoja2!E:E,0,0) -> 48,90mill.€ | F7: 1 | G7: N | H7: N | I7: 223
A8: Irlanda del Norte | B8: B | C8: =_xlfn.XLOOKUP(A:A,Hoja2!B:B,Hoja2!A:A,0,0) -> 69 | D8: S | E8: =_xlfn.XLOOKUP(A:A,Hoja2!B:B,Hoja2!E:E,0,0) -> 83,85mill.€ | F8: 2 | G8: N | H8: N | I8: 229
A9: Macedonia del Norte | B9: A | C9: =_xlfn.XLOOKUP(A:A,Hoja2!B:B,Hoja2!A:A,0,0) -> 65 | D9: S | E9: =_xlfn.XLOOKUP(A:A,Hoja2!B:B,Hoja2!E:E,0,0) -> 37,70mill.€ | F9: 4 | G9: N | H9: N | I9: 241
A10: Albania | B10: F | C10: =_xlfn.XLOOKUP(A:A,Hoja2!B:B,Hoja2!A:A,0,0) -> 63 | D10: S | E10: =_xlfn.XLOOKUP(A:A,Hoja2!B:B,Hoja2!E:E,0,0) -> 87,70mill.€ | F10: 4 | G10: N | H10: N | I10: 251
A11: Irlanda | B11: A | C11: =_xlfn.XLOOKUP(A:A,Hoja2!B:B,Hoja2!A:A,0,0) -> 59 | D11: S | E11: =_xlfn.XLOOKUP(A:A,Hoja2!B:B,Hoja2!E:E,0,0) -> 195,95mill.€ | F11: 3 | G11: N | H11: Estados Unidos | I11: 257
A12: Rumania | B12: D | C12: =_xlfn.XLOOKUP(A:A,Hoja2!B:B,Hoja2!A:A,0,0) -> 47 | D12: S | E12: =_xlfn.XLOOKUP(A:A,Hoja2!B:B,Hoja2!E:E,0,0) -> 88,75mill.€ | F12: 4 | G12: N | H12: N | I12: 263
A13: Eslovaquia | B13: D | C13: =_xlfn.XLOOKUP(A:A,Hoja2!B:B,Hoja2!A:A,0,0) -> 45 | D13: S | E13: =_xlfn.XLOOKUP(A:A,Hoja2!B:B,Hoja2!E:E,0,0) -> 137,38mill.€ | F13: 2 | G13: N | H13: N | I13: 269
A14: Gales | B14: B | C14: =_xlfn.XLOOKUP(A:A,Hoja2!B:B,Hoja2!A:A,0,0) -> 32 | D14: S | E14: =_xlfn.XLOOKUP(A:A,Hoja2!B:B,Hoja2!E:E,0,0) -> 186,20mill.€ | F14: 1 | G14: N | H14: N | I14: 271
... A66: Uzbekistán | B66: K | C66: =_xlfn.XLOOKUP(A:A,Hoja2!B:B,Hoja2!A:A,0,0) -> 50 | D66: N | E66: =_xlfn.XLOOKUP(A:A,Hoja2!B:B,Hoja2!E:E,0,0) -> 64,25mill.€ | F66: 4 | G66: Y | H66: N | I66: 187

Sheet Hoja2
A1: Pos | B1: Pais | C1: Jugadores | D1: MediaEdad | E1: Valor | F1: Confederacion | G1: Puntos
A2: 129 | B2: Zimbabue | C2: 23 | D2: 29.3 | E2: 29,00mill.€ | F2: CAF | G2: 1124
A3: 90 | B3: Zambia | C3: 25 | D3: 26.8 | E3: 21,48mill.€ | F3: CAF | G3: 1260
A4: 196 | B4: Yibuti | C4: 23 | D4: 25.5 | E4: 500mil€ | F4: CAF | G4: 848
A5: 148 | B5: Yemen | C5: 23 | D5: 26.3 | E5: 1,88mill.€ | F5: AFC | G5: 1049
A6: 208 | B6: VírgenesB. | C6: 24 | D6: 24.2 | E6: - | F6: CONCACAF | G6: 777
A7: 207 | B7: VírgenesA. | C7: 20 | D7: 25.7 | E7: - | F7: CONCACAF | G7: 777
A8: 110 | B8: Vietnam | C8: 23 | D8: 27.7 | E8: 6,25mill.€ | F8: AFC | G8: 1184
A9: 48 | B9: Venezuela | C9: 36 | D9: 24.9 | E9: 68,68mill.€ | F9: CONMEBOL | G9: 1465
A10: 160 | B10: Vanuatu | C10: 24 | D10: 29.2 | E10: 635mil€ | F10: OFC | G10: 997
A11: 50 | B11: Uzbekistán | C11: 26 | D11: 27.8 | E11: 64,25mill.€ | F11: AFC | G11: 1462
A12: 16 | B12: Uruguay | C12: 24 | D12: 23.6 | E12: 102,40mill.€ | F12: CONMEBOL | G12: 1673
A13: 85 | B13: Uganda | C13: 27 | D13: 27.3 | E13: 6,65mill.€ | F13: CAF | G13: 1288
... A168: 174 | B168: ChinaTaipéi | C168: 23 | D168: 26.4 | E168: 1,77mill.€ | F168: AFC | G168: 938
A169: 93 | B169: China | C169: - | D169: 0 | E169: - | F169: AFC | G169: 1249
A170: 53 | B170: Chile | C170: 26 | D170: 25.2 | E170: 76,23mill.€ | F170: CONMEBOL | G170: 1458
A171: 44 | B171: Chequia | C171: 22 | D171: 26.8 | E171: 111,10mill.€ | F171: UEFA | G171: 1487
A172: 177 | B172: Chad | C172: 23 | D172: 24.6 | E172: 4,73mill.€ | F172: CAF | G172: 915
A173: 139 | B173: Centroáfrica | C173: 23 | D173: 25.4 | E173: 3,75mill.€ | F173: CAF | G173: 1084
A174: 51 | B174: Catar | C174: 23 | D174: 27.7 | E174: 17,88mill.€ | F174: AFC | G174: 1462
A175: 27 | B175: Canadá | C175: 24 | D175: 26.1 | E175: 134,43mill.€ | F175: CONCACAF | G175: 1559
A176: 57 | B176: Camerún | C176: 27 | D176: 25.7 | E176: 224,20mill.€ | F176: CAF | G176: 1440
A177: 179 | B177: Camboya | C177: 23 | D177: 25.2 | E177: 2,40mill.€ | F177: AFC | G177: 912
A178: 68 | B178: Cabo Verde | C178: 26 | D178: 29.1 | E178: 27,75mill.€ | F178: CAF | G178: 1368
A179: 192 | B179: Bután | C179: 25 | D179: 23.3 | E179: 785mil€ | F179: AFC | G179: 868
A180: 145 | B180: Burundi | C180: 26 | D180: 26.3 | E180: 3,93mill.€ | F180: CAF | G180: 1060
A181: 62 | B181: BurkinaFaso | C181: 22 | D181: 25.9 | E181: 99,68mill.€ | F181: CAF | G181: 1405
... A211: 162 | B211: Afganistán | C211: 21 | D211: 27.6 | E211: 1,35mill.€ | F211: AFC | G211: 991
